"subj_code","condition_1","desktop_conf","attent_conf","scale_orient","DV_rating","Scenario","explanation","narrow_check","broad_check","age","gender","tech_issues","narrow_correct","broad_correct"
"2Ff29x3rT8yq",1,"1: I confirm","1: I will take it seriously","narrow_left",4,"spearNet_notKnow","He could be either fisherman or a hunter but because I couldn't actually see a net, which one might expect him to be carrying if he is also carrying a spear, he is marginally more likely to be a hunter.",2,1,54,"1: male",NA,"correct","correct"
"3T1gv2Z8F2Gu",1,"1: I confirm","1: I will take it seriously","narrow_left",5,"spearNet_notKnow","In the scenario, it was indicated that both halves of the tribe had spears but half also had nets. I chose 50/50 because it is highly likely that the tribesman could be from both halves of the tribe since they all carry the spear. What differs is the net.",2,1,23,"2: female",NA,"correct","correct"
"7jfCFoYXeup2",1,"1: I confirm","1: I will take it seriously","narrow_left",5,"spearNet_notKnow","If you cant establish if the person has a net then he could be either a fisherman or a hunter. The only way to determine is to see if they have a net which you do not know at this point",2,1,25,"2: female","No","correct","correct"
"a1GD9uja9HZM",1,"1: I confirm","1: I will take it seriously","narrow_left",5,"spearNet_notKnow","50% are hunters and 50% are fisherman",2,1,70,"1: male",NA,"correct","correct"
"A7SeSqvF2uko",1,"1: I confirm","1: I will take it seriously","narrow_left",5,"spearNet_notKnow","I think it is a fifty fifty chance because the only information you have is that you see them with a spear. There is not enough information to decide either way.",2,1,27,"2: female",NA,"correct","correct"
"BXyHRrYOFHlV",1,"1: I confirm","1: I will take it seriously","narrow_left",5,"spearNet_notKnow","because there were it was 50/50 which they could both have spears",2,1,46,"2: female","none","correct","correct"
"C6yc3acskKP7",1,"1: I confirm","1: I will take it seriously","narrow_left",5,"spearNet_notKnow","We know he has a spear so we know he's one or the other.  but we don't yet know if he has a net so we cannot yet classify him as a hunter or fisherman.",2,1,58,"1: male","none","correct","correct"
"DiDf8bfalMqo",1,"1: I confirm","1: I will take it seriously","narrow_left",5,"spearNet_notKnow","He may have had the net hidden so I could not say he was definitely a fisherman or a hunter.",2,1,47,"2: female","No errors.","correct","correct"
"e4vNxXvP3ima",1,"1: I confirm","1: I will take it seriously","narrow_left",5,"spearNet_notKnow","Since both tribe uses spear and we don't know if he has a net then there is a 50:50 ratio of him not having a net or having a net",2,1,30,"1: male",NA,"correct","correct"
"EwYufUTHJ1lP",1,"1: I confirm","1: I will take it seriously","narrow_left",5,"spearNet_notKnow","100% carry spears, only 50% carry nets. If we know he has a spear, but not whether he carries a net also, then it follows there is still a 50% chance, without further information.",2,1,40,"1: male",NA,"correct","correct"
"GbDiC5gANBFg",1,"1: I confirm","1: I will take it seriously","narrow_left",5,"spearNet_notKnow","If they both have a spear, but only one has a net, however I can't see if they have a net, then I must make the assumption that it could be either. ",2,1,25,"2: female",NA,"correct","correct"
"hGwFnK5FTSJX",1,"1: I confirm","1: I will take it seriously","narrow_left",3,"spearNet_notKnow","Since I am unsure if he has a net or not, I rated accordingly. I didn't choose with certainty but more than a 50/50 chance that he is actually a hunter and not a fisherman.",2,1,34,"1: male","did not find any errors.","correct","correct"
"HsHntx2fgliX",1,"1: I confirm","1: I will take it seriously","narrow_left",5,"spearNet_notKnow","The description said that both hunters and fishermen carry spears, but that fishermen also carry nets.

The person I encounter carries a spear, but I cannot be certain if they carry a net or not, therefore there is a 50/50 chance they are a fisherman or a hunter.",2,1,40,"2: female","n/a","correct","correct"
"JttxmAJIutuI",1,"1: I confirm","1: I will take it seriously","narrow_left",4,"spearNet_notKnow","I believe it is probably an even split on whether they are a hunter or a fisherman. If I assume the net would be large, then it's more likely to be a hunter, as I don't know the size of the net for certain then it's a near even split, leaning towards hunter.",2,1,25,"1: male",NA,"correct","correct"
"oEhCKRubrMlg",1,"1: I confirm","1: I will take it seriously","narrow_left",5,"spearNet_notKnow","i said 50/50 becuse we dont know all the details. He could definetly be a hunter, but he could equally still be a fisherman",2,1,50,"2: female",NA,"correct","correct"
"OpnAx7yczAao",1,"1: I confirm","1: I will take it seriously","narrow_left",5,"spearNet_notKnow","both carry spears, one carries spear and net, only see a spear at this point so could be either",2,1,49,"2: female","none","correct","correct"
"pvvUPSHIjr0A",1,"1: I confirm","1: I will take it seriously","narrow_left",5,"spearNet_notKnow","Both have spears but not sure of having a net gives a fifty fifty chance of either hunter or fisherman",2,1,62,"1: male","All worked ok, thanks","correct","correct"
"qvWIqDQ3Z75p",1,"1: I confirm","1: I will take it seriously","narrow_left",5,"spearNet_notKnow","Well, all tribesmen have spears, so the information doesn't tell us one way or another which tribe of tribe he was from. So therefore it was simply 50-50 chance.",2,1,41,"1: male",NA,"correct","correct"
"SwJXR3DQRL51",1,"1: I confirm","1: I will take it seriously","narrow_left",5,"spearNet_notKnow","from the explaination both types of person carried spears",2,1,50,"1: male","none","correct","correct"
"sxKbGBI6uLOD",1,"1: I confirm","1: I will take it seriously","narrow_left",5,"spearNet_notKnow","They both have spears and without being able to see if they have a net or not it has to be a 50/50.",2,1,34,"1: male","None that I saw.","correct","correct"
"TGaTSypK1NSN",1,"1: I confirm","1: I will take it seriously","narrow_left",3,"spearNet_notKnow","i put it cause im fairly certain he is just a hunter",2,1,21,"1: male","none","correct","correct"
"UGNeWPRlMkRd",1,"1: I confirm","1: I will take it seriously","narrow_left",5,"spearNet_notKnow","Without knowing if the person is carrying a net it's impossible to say for definitely where he belongs",2,1,30,"1: male","N/A","correct","correct"
"UtANqdXAqtKN",1,"1: I confirm","1: I will take it seriously","narrow_left",5,"spearNet_notKnow","both tribes carry spears so it could be a person from either tribe , a 50/50 choice",2,1,25,"2: female",NA,"correct","correct"
"Vs7uQgwgw9EH",1,"1: I confirm","1: I will take it seriously","narrow_left",5,"spearNet_notKnow","while it would be easy to assume he'd more likely be a hunter, in reality most people wouldn't have a net in one hand and a spear in the other when just walking around. there's no reason he wouldn't have a net on him as well, so it could go either way.",2,1,27,"1: male",NA,"correct","correct"
"VSCnbj4a5mrx",1,"1: I confirm","1: I will take it seriously","narrow_left",5,"spearNet_notKnow","both hunters and fisherman carry spears and they're is an equal split between them. therefore it is a 50/50 chance that he is also carrying a net ",2,1,19,"2: female",NA,"correct","correct"
"0oVAwZAIl0Qc",2,"1: I confirm","1: I will take it seriously","narrow_right",6,"spearNet_notKnow","Well it said fishermen carries nets so If you can't see them carrying a net is most likely to be a spearman but then again they could have left their nets at home. So you can't really tell if it is fisherman or a spearman ",2,1,30,"1: male",NA,"correct","correct"
"2AHt2PhU4apl",2,"1: I confirm","1: I will take it seriously","narrow_right",7,"spearNet_notKnow","This lead me to believe he who carry spear and a net should be obvious visisally a naturally assumed especially with fishermen as their job would be using net in bulk of time, so that he didn`t I would think more likely  thought to be a hunter.",2,1,43,"2: female",NA,"correct","correct"
"4HIIIOu74jlR",2,"1: I confirm","1: I will take it seriously","narrow_right",5,"spearNet_notKnow","All tribe members have spears, if the man has a spear they are just as likely to be either",2,1,22,"1: male",NA,"correct","correct"
"5LLPykXLFnpS",2,"1: I confirm","1: I will take it seriously","narrow_right",5,"spearNet_notKnow","There is no way of knowing which tribe he belongs to.  Both tribes have spears, so there is a 50:50 chance of it being either.",2,1,41,"1: male",NA,"correct","correct"
"8lCrhRZoTO5J",2,"1: I confirm","1: I will take it seriously","narrow_right",5,"spearNet_notKnow","If he is carrying a spear, he could be a fisherman or a hunter. The fact that you don't know if he has a net does not mean he is a hunter.",2,1,57,"1: male","N/A","correct","correct"
"8lO4apjIzHix",2,"1: I confirm","1: I will take it seriously","narrow_right",5,"spearNet_notKnow","The information provided was to the effect that the tribesman had a spear, so he could belong to either group. There was no information given as to whether or not he also had a net, therefore eithermembership was equally likely.


",2,1,72,"1: male","No errors were seen.  The Study performed flawlessly in every respect, thank you.","correct","correct"
"D9A5DfhDGgYF",2,"1: I confirm","1: I will take it seriously","narrow_right",8,"spearNet_notKnow","I could not guarantee he does not have a net with him, it could be placed somewhere in his clothing or laid down on the ground so I can not pressume he is definitely a hunter. However, because he seems to appear without a net, I can try to guess that he is more likely to be a hunter than a fisherman.",2,1,30,"2: female",NA,"correct","correct"
"fYZXm2Ulhf3s",2,"1: I confirm","1: I will take it seriously","narrow_right",5,"spearNet_notKnow","He is definitely either a hunter or spearfisher. But since we don't know if he has a net, it is a 50/50 chance that he is one or the other. ",2,1,22,"1: male",NA,"correct","correct"
"FZOpNETb6QNY",2,"1: I confirm","1: I will take it seriously","narrow_right",8,"spearNet_notKnow","higher probability of being a hunter as no net",2,1,59,"1: male","none","correct","correct"
"HyKF9hZzkRGK",2,"1: I confirm","1: I will take it seriously","narrow_right",5,"spearNet_notKnow","It is impossible to tell whether he is a hunter or fisherman without knowing if he has a net or not.",2,1,35,"1: male","I had no issues.","correct","correct"
"ivjmYYuetIDr",2,"1: I confirm","1: I will take it seriously","narrow_right",5,"spearNet_notKnow","We know both hunters and fisherman have spears, but only fisherman have nets, assuming 50/50. In this scenario we don't know if the individual has a net, therefore it is a 50/50 guess, due to the two options.",2,1,24,"2: female","n/a","correct","correct"
"jB0s7m40XI0H",2,"1: I confirm","1: I will take it seriously","narrow_right",5,"spearNet_notKnow","It feels like there was an equal chance of either fishermen or hunters having a spear.",2,1,44,"1: male",NA,"correct","correct"
"JbVWGCZDgvIj",2,"1: I confirm","1: I will take it seriously","narrow_right",5,"spearNet_notKnow","Both could carry a spear so it could be any of the two.",2,1,23,"2: female",NA,"correct","correct"
"M4MN6OEgVw4E",2,"1: I confirm","1: I will take it seriously","narrow_right",5,"spearNet_notKnow","The tribesman could have left his fish net behind at the moment that he was seen. Equally so, tribesman with no fishing net could just be that.",2,1,32,"2: female",NA,"correct","correct"
"MDGtzVv8Q5s2",2,"1: I confirm","1: I will take it seriously","narrow_right",4,"spearNet_notKnow","He had a spear which is certainly used by the fisherman so there is higher chance.  But the hunters can also use spears so there is small chance for that also.",2,1,36,"1: male",NA,"correct","correct"
"mux7W5ZbS3jq",2,"1: I confirm","1: I will take it seriously","narrow_right",5,"spearNet_notKnow","There is not enough information to make a conclusion as to whether they were hunters or fishermen.",2,1,32,"1: male","Nothing further to add.","correct","correct"
"nlrEkt7YIzSi",2,"1: I confirm","1: I will take it seriously","narrow_right",10,"spearNet_notKnow","If he had a net I'd presumably be able to see it. So he must be a hunter. ",2,1,43,"2: female",NA,"correct","correct"
"Pr05Z1RJlnaS",2,"1: I confirm","1: I will take it seriously","narrow_right",7,"spearNet_notKnow","I thought if he was a fisherman, his net would be more visible. Given that I wasn't sure, I hedged my bets a bit and thought he was slightly more likely to be a spearsman.",2,1,25,"1: male","Nothing I could spot!","correct","correct"
"pz2IFYr2I5lC",2,"1: I confirm","1: I will take it seriously","narrow_right",5,"spearNet_notKnow","there is no way of knowing what tribe he is on because they all carry a spear and not seeing if he has a net or not gives it a 50/50 chance to be a fisherman or a hunter.",2,1,32,"2: female","n/a","correct","correct"
"rR9QfjA6c82X",2,"1: I confirm","1: I will take it seriously","narrow_right",7,"spearNet_notKnow","I think that it is more probable that they are not a fisherman because a net would be easy to see.",2,1,32,"2: female",NA,"correct","correct"
"tL4BPfJBqqJK",2,"1: I confirm","1: I will take it seriously","narrow_right",5,"spearNet_notKnow","If both carry spears and only fishmen carry nets, and we dont know whether the tribesman also carries a net in additin to the spear, then the chances are 50/50",2,1,25,"2: female",NA,"correct","correct"
"UWF1If7Ya8Zw",2,"1: I confirm","1: I will take it seriously","narrow_right",5,"spearNet_notKnow","The only thing that I can know for sure is that all members of the tribe have spears (half are hunters, half are fishermen) so there is a 50/50 chance that the individual is one or the other",2,1,40,"2: female","no errors identified, nothing to report","correct","correct"
"V9VTessKefn7",2,"1: I confirm","1: I will take it seriously","narrow_right",5,"spearNet_notKnow","As they could have the net somewhere out of sight I feel that there is an equal chance.",2,1,20,"1: male",NA,"correct","correct"
"vVhUofOh2gtv",2,"1: I confirm","1: I will take it seriously","narrow_right",7,"spearNet_notKnow","Just because he doesn't have a net with him at this specific time doesn't necessarily mean he doesn't own a net. As these two groupd are prevelant in the area the chances of being a hunter are a little higher than him being a fisherman.",2,1,59,"1: male","second spelling of feathered in the question check about what defines a hunter and fisherman is incorrect.","correct","correct"
"y0GYqRYDiuzK",2,"1: I confirm","1: I will take it seriously","narrow_right",5,"spearNet_notKnow","both hunters and spearmans can carry a spear, so they could be either of them.",2,1,34,"2: female",NA,"correct","correct"
"6iTQxRqvmhr8",3,"1: I confirm","1: I will take it seriously","narrow_left",5,"spearNet_noInfo","I felt as though it could be anyone because not enough information was given for me to reach a fully rounded decision. ",2,1,30,"1: male","None.","correct","correct"
"7GW30qeEmHsn",3,"1: I confirm","1: I will take it seriously","narrow_left",5,"spearNet_noInfo","Because both sets of tribesman carry spears, it is statistically half and half",2,1,26,"1: male",NA,"correct","correct"
"c9rzYZHBK5Bc",3,"1: I confirm","1: I will take it seriously","narrow_left",2,"spearNet_noInfo","I assumed this answer because it wasn't made aware that the tribe was carrying the other item.",2,1,26,"2: female",NA,"correct","correct"
"CMTOSdYOf774",3,"1: I confirm","1: I will take it seriously","narrow_left",5,"spearNet_noInfo","We were told that half of the Tokolo tribe are hunters and carry spears and the other half are spear fishermen and also carry spears (although they also carry nets). Therefore, the chance was equal since they both carry spears.",2,1,44,"2: female","No errors or problems.","correct","correct"
"DIsmxH28URIM",3,"1: I confirm","1: I will take it seriously","narrow_left",5,"spearNet_noInfo","both of them carrier spears so they could belong to either, only the fishermen also carry a net and they only said they were carrying a spear.",2,1,46,"2: female",NA,"correct","correct"
"ES9aLnLS5x2y",3,"1: I confirm","1: I will take it seriously","narrow_left",0,"spearNet_noInfo","hE HAS A SPEAR FOR A REASON - AND THAT REASON IS HUNTING.",2,1,47,"1: male","NONE","correct","correct"
"F86IOzkcuqkc",3,"1: I confirm","1: I will take it seriously","narrow_left",5,"spearNet_noInfo","Both of the tribesmen would carry a spear so therefore the probability has to be 50%.",2,1,42,"2: female",NA,"correct","correct"
"fmjyjJKVS3po",3,"1: I confirm","1: I will take it seriously","narrow_left",0,"spearNet_noInfo","If he only had a spears he must be a hunter",2,1,42,"2: female",NA,"correct","correct"
"ifUEVBzXaRqL",3,"1: I confirm","1: I will take it seriously","narrow_left",3,"spearNet_noInfo","they have a spear but doesnt mention if they also have a net so could be either",2,1,26,"1: male","N/A","correct","correct"
"J00zoRn7l3IT",3,"1: I confirm","1: I will take it seriously","narrow_left",0,"spearNet_noInfo","i rated him has a hunter since he only had a spear, of course he could have lost his net in which case he would be a fisherman",2,1,76,"1: male","none","correct","correct"
"KoaxrAxuiS9l",3,"1: I confirm","1: I will take it seriously","narrow_left",1,"spearNet_noInfo","The fisherman always carry a net so they should have been carry both. However, there is a chance they may have not been carrying at the time so I didn't place my response all the way to the left.",2,1,30,"1: male",NA,"correct","correct"
"MjxrGoImTLn1",3,"1: I confirm","1: I will take it seriously","narrow_left",5,"spearNet_noInfo","all the tribemen carry spears, the only differrence is that the fishermen carry nets",2,1,45,"1: male","none","correct","correct"
"MO8LhNilU4Ll",3,"1: I confirm","1: I will take it seriously","narrow_left",3,"spearNet_noInfo","If they have a spear only and no net, they are more likely to be a hunter",2,1,30,"1: male",NA,"correct","correct"
"N9EbIfcyuRpk",3,"1: I confirm","1: I will take it seriously","narrow_left",5,"spearNet_noInfo","Both carry spears, the fishermen also carry nets along with the spear",2,1,49,"2: female","No errors","correct","correct"
"qVGS11Py46eL",3,"1: I confirm","1: I will take it seriously","narrow_left",2,"spearNet_noInfo","It's more likely to be a hunter as a fisherman would probably also be carrying a net.",2,1,26,"1: male",NA,"correct","correct"
"RQVTsp6pkjLZ",3,"1: I confirm","1: I will take it seriously","narrow_left",5,"spearNet_noInfo","Half of them are hunters with spears and the other half are fishermen with spears. So when I see a tribesman carrying a spear, I cannot tell whether he is a hunter or a fisherman. So it is 50:50.",2,1,33,"1: male",NA,"correct","correct"
"T7Ld3nIpNUE0",3,"1: I confirm","1: I will take it seriously","narrow_left",5,"spearNet_noInfo","The short segment talked about how both speared fisherman and the tribe have spears. I would think the fisherman are apart of the tribe because they have the same weapon.",2,1,27,"2: female",NA,"correct","correct"
"Tf9ICzX9vZ6g",3,"1: I confirm","1: I will take it seriously","narrow_left",0,"spearNet_noInfo","I would say Hunter only as the fisherman would also have his net with him. He would be unable to catch many fish without one.",2,1,26,"2: female",NA,"correct","correct"
"tff3w0QnIqMH",3,"1: I confirm","1: I will take it seriously","narrow_left",5,"spearNet_noInfo","There's an equal probability of it being either group as you didn't disclose the sizes of each group. So by default it'll be 50%.",2,1,35,"1: male",NA,"correct","correct"
"u1sgl8q2jIhd",3,"1: I confirm","1: I will take it seriously","narrow_left",5,"spearNet_noInfo","I saw a spear which meant that they could have been either a hunter or a fisherman, but I did not immediately see a net which would have confirmed either way.",2,1,53,"1: male",NA,"correct","correct"
"UKOHutxtUMPa",3,"1: I confirm","1: I will take it seriously","narrow_left",5,"spearNet_noInfo","Both hunters and fishermen carry spears so it is an chance that the tribesman belongs either group",2,1,76,"1: male",NA,"correct","correct"
"uRBLAIFal9GR",3,"1: I confirm","1: I will take it seriously","narrow_left",4,"spearNet_noInfo","It didn't mention that they had or didn't have a net so I sided slightly with the hunters on the basis it wasn't mentioned.",2,1,32,"1: male",NA,"correct","correct"
"VCBFd8XOkwDt",3,"1: I confirm","1: I will take it seriously","narrow_left",5,"spearNet_noInfo","It says that 50 percent of each belong to each tribe and they all carry spears so carrying spears does not tell you which it would be so therefore it has to be 50 percent chance of belonging to either.",2,1,40,"1: male","No issues or errors","correct","correct"
"vQkvcgv2MY7Y",3,"1: I confirm","1: I will take it seriously","narrow_left",5,"spearNet_noInfo","Both hunters and Spear Fisherman carry a spear, so it could equally be either. It did not state whether they had a net on them or not. If it stated a spear and nothing else, we could confidently state it was a hunter or vice versa.",2,1,30,"1: male",NA,"correct","correct"
"vROOdROwKxj9",3,"1: I confirm","1: I will take it seriously","narrow_left",5,"spearNet_noInfo","The one group has nets and both groups have spears. Since the paragraph did not mention whether this person had a net also, it is impossible to know for certain to which group this person belongs. ",2,1,37,"2: female","I did not come across any errors.","correct","correct"
"18OK5x7GVBxb",4,"1: I confirm","1: I will take it seriously","narrow_right",5,"spearNet_noInfo","Due to both job groups carry spears it could be either. If it said ""just"" a spear then it must have been a hunter.",2,1,42,"1: male",NA,"correct","correct"
"2qDGihrv6h6q",4,"1: I confirm","1: I will take it seriously","narrow_right",5,"spearNet_noInfo","both hunters have spears, so it could be either",2,1,54,"2: female",NA,"correct","correct"
"32uP7MTxIr7U",4,"1: I confirm","1: I will take it seriously","narrow_right",10,"spearNet_noInfo","If it was a spear fisherman they would carry a net as well as the spear.",2,1,49,"2: female","N/A","correct","correct"
"7xeFLE3bATQy",4,"1: I confirm","1: I will take it seriously","narrow_right",5,"spearNet_noInfo","we only know for certain he has a spear.  there is no information as to if he does or does not have a net.  since both fishermen and huntsmen carry spear, based upon given information there's a 50/50 chance ",2,1,43,"1: male",NA,"correct","correct"
"bU7slro6Rd5W",4,"1: I confirm","1: I will take it seriously","narrow_right",10,"spearNet_noInfo","It said he had a spear it didn't say anything about a net, so I believe he is a hunter",2,1,49,"1: male",NA,"correct","correct"
"gpUAxO9mtiDl",4,"1: I confirm","1: I will take it seriously","narrow_right",5,"spearNet_noInfo","All of the tribesmen carry spears. Half carry nets. This man carries a spear. he may also have a net - it just does not say whether he does or not. therefore he could equally be either of the two groups within the tribe.",2,1,53,"2: female","none","correct","correct"
"hWORjjxg35Js",4,"1: I confirm","1: I will take it seriously","narrow_right",5,"spearNet_noInfo","The description stated the tribesman had a spear - both hunters and tribesmen were said to carry a spear, so it is equally likely",2,1,42,"1: male",NA,"correct","correct"
"iDJE8HhC2QY9",4,"1: I confirm","1: I will take it seriously","narrow_right",5,"spearNet_noInfo","I think it is 50;50 if the tribesman is a hunter or a fisherman as the scenario does not state if the tribesman is carrying a net!
If the tribesman was carrying a net as well as a spear it would make him a fisherman!",2,1,64,"1: male","no errors or issues encountered!","correct","correct"
"idrnAFrdPKXx",4,"1: I confirm","1: I will take it seriously","narrow_right",10,"spearNet_noInfo","Fisherman also carry nets, but tribesman has a spear

",2,1,27,"2: female",NA,"correct","correct"
"Ili7UF7Cn8C6",4,"1: I confirm","1: I will take it seriously","narrow_right",9,"spearNet_noInfo","as he was only carrying a spear i would think he was a hunter or some form of net would have been carried too",2,1,31,"2: female","no errors","correct","correct"
"J7AOPyNymCAn",4,"1: I confirm","1: I will take it seriously","narrow_right",5,"spearNet_noInfo","It doesn't say he didn't have a net. Since they both have spears, this is a 50:50.",2,1,25,"1: male",NA,"correct","correct"
"Jcr8gKfShXXx",4,"1: I confirm","1: I will take it seriously","narrow_right",5,"spearNet_noInfo","This rating is based on the fact that the whole tribe are using spears which means that unless the person is carrying a fishing net, they could belong to either of the work classes",2,1,30,"1: male","No errors","correct","correct"
"LxSB4WtwUVYg",4,"1: I confirm","1: I will take it seriously","narrow_right",10,"spearNet_noInfo","Sure, it could've been a spear fisherman, but from the information given it could only be a hunter. I.E ""had a spear"". Having a spear doesn't necessarily mean he couldn't have another weapon but that's my reasoning behind it.",2,1,21,"1: male",NA,"correct","correct"
"nM1jhH1ESusy",4,"1: I confirm","1: I will take it seriously","narrow_right",5,"spearNet_noInfo","Because both the hunters and spear fisherman carry spears!",2,1,34,"1: male","I had no issues whatsoever!","correct","correct"
"OvBFyNQ1xHT5",4,"1: I confirm","1: I will take it seriously","narrow_right",5,"spearNet_noInfo","All tribe members carry spears, so it seems like a 50/50 chance.",2,1,31,"2: female","n/a","correct","correct"
"PFc00G3L27WY",4,"1: I confirm","1: I will take it seriously","narrow_right",5,"spearNet_noInfo","the group is split into two sides equally, both carry spears, so a random person it would be a 50:50 chance",2,1,33,"1: male",NA,"correct","correct"
"RQXGFVkWbiin",4,"1: I confirm","1: I will take it seriously","narrow_right",5,"spearNet_noInfo","Both groups carry spears and with no information on whether the individual is carrying a net it's not possible to choose a category. ",2,1,34,"1: male",NA,"correct","correct"
"TKHfdkxNwwev",4,"1: I confirm","1: I will take it seriously","narrow_right",10,"spearNet_noInfo","It only mentioned that the tribesman I came across was carrying a spear, so I assume that no net was also being carried, and that means that it would be a hunter instead of a fisherman.",2,1,29,"1: male",NA,"correct","correct"
"TX7tF7Gztjv4",4,"1: I confirm","1: I will take it seriously","narrow_right",5,"spearNet_noInfo","All the men have a spear. So it could be either. Though in reality a spear only carrier would be slightly more likely due to practicalities. ",2,1,39,"1: male","None","correct","correct"
"ugT5NNLyMERE",4,"1: I confirm","1: I will take it seriously","narrow_right",5,"spearNet_noInfo","Both carry spears. There are two tribes, so it's split half, 50/50. It could be either tribesman, so equally 50/50.",2,1,24,"2: female","None.","correct","correct"
"uXIgOzDFFcOs",4,"1: I confirm","1: I will take it seriously","narrow_right",5,"spearNet_noInfo","All the tribespeople carry spears (just fishermen carry an additional item), so it is equally as likely - without additional context on where I am when I come across the individual - that it is a 50/50 chance.",2,1,35,"2: female","None","correct","correct"
"WeTmh8gUyEF4",4,"1: I confirm","1: I will take it seriously","narrow_right",5,"spearNet_noInfo","There is no mention of a net just a spear, and both use a spear",2,1,59,"1: male",NA,"correct","correct"
"wzoC2ImtgVtm",4,"1: I confirm","1: I will take it seriously","narrow_right",8,"spearNet_noInfo","I feel as if they were a fisherman they would have a net as well, not just a spear, but I split the difference between leaning towards hunter and possibly a fisherman.",2,1,47,"1: male","No issues. Thank you so much for the opportunity and I hope you have a wonderful day!","correct","correct"
"xLHiLeecm0LI",4,"1: I confirm","1: I will take it seriously","narrow_right",5,"spearNet_noInfo","the person had a spear. both hunters and fisherman have spears.",2,1,58,"1: male",NA,"correct","correct"
"Yi8zMf1ul0M3",4,"1: I confirm","1: I will take it seriously","narrow_right",7,"spearNet_noInfo","It's possible he can also be a fisherman and just not seen his net",2,1,45,"2: female",NA,"correct","correct"
"0rsEtEJrjzbA",5,"1: I confirm","1: I will take it seriously","narrow_left",5,"featherTooth_notKnow","There is a 50/50 chance he is a fisherman or hunter as both wear the colourful head dress but only a fisherman has a golden tooth. It has the same odds as a coin toss. ",4,3,34,"2: female",NA,"correct","correct"
"2MmqjXJmc4gB",5,"1: I confirm","1: I will take it seriously","narrow_left",5,"featherTooth_notKnow","It would be difficult to tell whether the tribesman had a golden tooth as would be unable to see a molar at the back of the mouth unless the tribesman opened his mouth wide. He wore a colourful headdress so he could equally be of either tribe unless you could clearly see a golden molar in which case he would most likely be a spear fisherman.",4,3,53,"2: female",NA,"correct","correct"
"3eHFyqZCLyxD",5,"1: I confirm","1: I will take it seriously","narrow_left",5,"featherTooth_notKnow","If hes wearing a colourful head dress then he is a member of the tribe and could be either a hunter or a spear fisherman , in the absence of any other information regarding having a gold tooth or the relative populations of the hunters or fishermen the safest guess would be 50% either way in my opinion.",4,3,55,"1: male","no errors","correct","correct"
"3ifF4baNyDne",5,"1: I confirm","1: I will take it seriously","narrow_left",5,"featherTooth_notKnow","Without the further information it is impossible to tell which way they could go.",4,3,31,"1: male",NA,"correct","correct"
"4MbNWJiYpyMu",5,"1: I confirm","1: I will take it seriously","narrow_left",5,"featherTooth_notKnow","because there was not enough info to discriminate",4,3,54,"1: male",NA,"correct","correct"
"55BoA8mBujDh",5,"1: I confirm","1: I will take it seriously","narrow_left",5,"featherTooth_notKnow","Half the individuals belong to each population, and there was no information on whether the one identified had the feature of the fisherman or hunter grouping so therefore there was a 50% chance they belonged to each.",4,3,38,"2: female","There's a spelling error in the multiple choice questions, ""feathered"" is incorrect in one of the choices in the first question.","correct","correct"
"7Z7mpIa4xykE",5,"1: I confirm","1: I will take it seriously","narrow_left",5,"featherTooth_notKnow","Unless we can confirm they have a golden tooth or confirm the tool they use it is impossible to know for certain.",4,3,33,"1: male",NA,"correct","correct"
"abDfePFk5ZrY",5,"1: I confirm","1: I will take it seriously","narrow_left",5,"featherTooth_notKnow","You haven't seen the distinguising feature (the tooth) so you cannot judge. The description could be either kind of tribesmember",4,3,34,"2: female",NA,"correct","correct"
"aEl6tIHk0YdO",5,"1: I confirm","1: I will take it seriously","narrow_left",5,"featherTooth_notKnow","Both hunters and fishermen have headdresses, but only the fishermen have the golden molar tooth. For that reason, it could be either of the two. Just because we haven't seen or know if they have the tooth, it doesn't mean they don't or do have one",4,3,22,"1: male","None to my knowledge","correct","correct"
"aSMUaOVYKVLz",5,"1: I confirm","1: I will take it seriously","narrow_left",5,"featherTooth_notKnow","Why I made that decision is because they didn't state clearly that he has a golden tooth. there is a probability that he has a golden tooth or not so he can come from any of the 2 tribe.",4,3,30,"1: male",NA,"correct","correct"
"egnJR1Wlx1ky",5,"1: I confirm","1: I will take it seriously","narrow_left",5,"featherTooth_notKnow","Both groups wear colourful headwear but as I was not certain if he had the golden tooth I could not be sure which group he belonged to",4,3,59,"2: female",NA,"correct","correct"
"fe6suAnUQbhk",5,"1: I confirm","1: I will take it seriously","narrow_left",5,"featherTooth_notKnow","It's a 50-50 probability because we can't see his molar but we can see his attire and we have already been given that the tribes are divided into 2 halves. ",4,3,37,"1: male","None","correct","correct"
"gyVZXXknzJSo",5,"1: I confirm","1: I will take it seriously","narrow_left",5,"featherTooth_notKnow","Without knowing if the tribesman has a golden molar tooth the person could either be a hunter or a spearsman so therefore my answer was 50-50",4,3,40,"1: male","None","correct","correct"
"hooJ4kQ1pUp1",5,"1: I confirm","1: I will take it seriously","narrow_left",5,"featherTooth_notKnow","With no other information it feels he is equally likely to have a gold tooth as not so could be either...",4,3,35,"1: male",NA,"correct","correct"
"j89VQvetaqYM",5,"1: I confirm","1: I will take it seriously","narrow_left",5,"featherTooth_notKnow","100% of the tribe wear colourfull head-dresses, but the 50% who are fishers can be identified by a gold molar tooth. As we only know that this individual has a colourfull head-dress it is 50-50 whether they are a hunter or fisher.",4,3,54,"1: male",NA,"correct","correct"
"JyV9QLm0Kyi5",5,"1: I confirm","1: I will take it seriously","narrow_left",5,"featherTooth_notKnow","The spear fishermen have colourful headdresses - so have the hunters.  But, half of the fishermen also have a golden molar tooth.  Therefore there is a 50-50 chance that a fisherman will also have a golden molar tooth.",4,3,62,"2: female",NA,"correct","correct"
"L7ao3sNDDhSs",5,"1: I confirm","1: I will take it seriously","narrow_left",5,"featherTooth_notKnow","because you cannot visably notice a back tooth on someone straight away. where as a head rest is more noticable",4,3,32,"2: female","no","correct","correct"
"nftNVk1styCN",5,"1: I confirm","1: I will take it seriously","narrow_left",5,"featherTooth_notKnow","Unless I see the golden molar I have no idea which tribe they belong to",4,3,48,"1: male",NA,"correct","correct"
"pCyyx5a0bkFB",5,"1: I confirm","1: I will take it seriously","narrow_left",5,"featherTooth_notKnow","All of the Tokolo tribesmen wear the head dress and half of those are hunters and half spear fishermen who have the golden tooth. With a tooth not visible there is a clear 50 / 50 possibility ",4,3,50,"1: male","No issues","correct","correct"
"Q9eJpdxfH4Hn",5,"1: I confirm","1: I will take it seriously","narrow_left",5,"featherTooth_notKnow","I would not be able to tell unless I seen the person's teeth, so it's 50/50 until I see them",4,3,39,"1: male",NA,"correct","correct"
"sU9IFq0F5VWM",5,"1: I confirm","1: I will take it seriously","narrow_left",5,"featherTooth_notKnow","The tribesman are differentiated by the gold tooth, which I cannot see to make an accurate assumption about if they are a hunter or spear fisherman.",4,3,22,"3: non-binary","none thanks","correct","correct"
"UnuEWIft6cIv",5,"1: I confirm","1: I will take it seriously","narrow_left",5,"featherTooth_notKnow","Given the split between hunters to fishermen is 50:50 there is an equal chance for it to be one or the other.",4,3,41,"1: male",NA,"correct","correct"
"V76wWq6K55OI",5,"1: I confirm","1: I will take it seriously","narrow_left",5,"featherTooth_notKnow","Everyone in the village wears the same colourful headress so without any other indicators (a golden molar) you can not differentiate between hunters and fishermen.",4,3,37,"1: male","no errors at all.","correct","correct"
"wd3pjLg0a6cA",5,"1: I confirm","1: I will take it seriously","narrow_left",5,"featherTooth_notKnow","The categories are split into 50/50 so without any differentiating features, the probability that the person I met belongs to one or the other category is the same.",4,3,23,"1: male",NA,"correct","correct"
"yb9AWIex1cyV",5,"1: I confirm","1: I will take it seriously","narrow_left",5,"featherTooth_notKnow","Well both hunters and fishermen of the tribe wear a colourful headdress. I cannot identify if they have a golden tooth to lean towards them being a fisherman. So i would believe it is equally likely they could have no golden tooth and be a hunter from the tribe.",4,3,35,"2: female","No errors or problems. The study was enjoyabe to complete with clear instructions. Thank you.","correct","correct"
"0LkuPtiCPPIt",6,"1: I confirm","1: I will take it seriously","narrow_right",5,"featherTooth_notKnow","We can't see his tooth so we can't say for definite whether he is a fisherman too. ",4,3,23,"1: male",NA,"correct","correct"
"0SiuxWROW0Yk",6,"1: I confirm","1: I will take it seriously","narrow_right",5,"featherTooth_notKnow","Well, I chose 50/50 because they only have 1 thing visible that we can identify them with.",4,3,27,"2: female","None.","correct","correct"
"0WSvjxEarrz8",6,"1: I confirm","1: I will take it seriously","narrow_right",5,"featherTooth_notKnow","Don't have any information about the golden tooth from what I have read about the tribesman. Therefore all the information we have is that they wear a colorful headdress, which is done by both types of tribe members, so there is an equal chance it could be either of them.",4,3,21,"3: non-binary",NA,"correct","correct"
"10oD1TTI3qby",6,"1: I confirm","1: I will take it seriously","narrow_right",5,"featherTooth_notKnow","If they all wear headdresses, and half of them have a gold tooth. Then it's 50%, I think.",4,3,31,"1: male",NA,"correct","correct"
"1gHmtlUHIgjT",6,"1: I confirm","1: I will take it seriously","narrow_right",5,"featherTooth_notKnow","As both the tribesmen and fisherman have colourful headdresses and I am unable to see whether the individual has a gold tooth I cannot be sure what group they are from.",4,3,23,"1: male",NA,"correct","correct"
"5z2osUwC36g6",6,"1: I confirm","1: I will take it seriously","narrow_right",5,"featherTooth_notKnow","Half are hunters and half are fishermen.  They all wear headdresses so that information is irrelevant.  Half have a golden molar tooth that can't be seen so it is 50:50 probability.",4,3,48,"2: female",NA,"correct","correct"
"8pwBlcUcMR5z",6,"1: I confirm","1: I will take it seriously","narrow_right",5,"featherTooth_notKnow","There would be no way in knowing this without looking at their teeth - from their headdress alone you can 't assume either way.",4,3,22,"2: female",NA,"correct","correct"
"A0nU15vGemlH",6,"1: I confirm","1: I will take it seriously","narrow_right",5,"featherTooth_notKnow","Cant see if he has the tooth, so could be either",4,3,51,"1: male",NA,"correct","correct"
"AjocfVSHOZbB",6,"1: I confirm","1: I will take it seriously","narrow_right",5,"featherTooth_notKnow","as they both wear coloured headdress then its a 50/50chance that they are either a hunter or a spearfisherman, as the only way to know for sure is to see if they have a golden molar.",4,3,52,"2: female","none","correct","correct"
"ccyEbGl4o7nH",6,"1: I confirm","1: I will take it seriously","narrow_right",5,"featherTooth_notKnow","it doesn't seem there is much more ways to figure out what tribe they belong to ",4,3,37,"1: male",NA,"correct","correct"
"ClNdyYbxe74X",6,"1: I confirm","1: I will take it seriously","narrow_right",5,"featherTooth_notKnow","It could go either way because there's no majority, it's a 50/50 chance..",4,3,40,"2: female","none","correct","correct"
"fTWbDWzDdlnT",6,"1: I confirm","1: I will take it seriously","narrow_right",5,"featherTooth_notKnow","it was 50/50",4,3,53,"1: male",NA,"correct","correct"
"GlNKkpKuq6ul",6,"1: I confirm","1: I will take it seriously","narrow_right",5,"featherTooth_notKnow","There is not way to know until you see their teeth, both groups have headdresses so you can't rule anyone out",4,3,39,"1: male",NA,"correct","correct"
"Ht9XhUFriJY5",6,"1: I confirm","1: I will take it seriously","narrow_right",5,"featherTooth_notKnow","He could be either as you don't know if he has the differentiator",4,3,55,"1: male","None","correct","correct"
"HzG4k7huELZJ",6,"1: I confirm","1: I will take it seriously","narrow_right",5,"featherTooth_notKnow","They both wear colorful feathered headdresses but not sure if they have a golden molar tooth, hence the reason why I went with the 50/50 choice.",4,3,33,"1: male","No issues.","correct","correct"
"JDq8q7sBEdb3",6,"1: I confirm","1: I will take it seriously","narrow_right",5,"featherTooth_notKnow","it is a fifty fifty chance",4,3,27,"2: female",NA,"correct","correct"
"Kcf3jj5m1z4i",6,"1: I confirm","1: I will take it seriously","narrow_right",5,"featherTooth_notKnow","If half have a golden tooth then there's a 50:50 chance that he has one",4,3,35,"2: female","There's a spelling error: feathered is missing an e in one of the multiple choice questions.","correct","correct"
"kZDeqrwS9z9O",6,"1: I confirm","1: I will take it seriously","narrow_right",5,"featherTooth_notKnow","If I don't know if the person has a gold tooth or not, then there is a 50 50 chance that he does (or doesn't)",4,3,59,"1: male","none","correct","correct"
"n0DTk3Arszu2",6,"1: I confirm","1: I will take it seriously","narrow_right",5,"featherTooth_notKnow","Because the amazon has exactly 50:50 distribution of hunters and spear fishermen, and both wear colorful feathered headdresses, the chances are 50:50 when you come across a tribesman with colorful feathered headdress.",4,3,28,"1: male",NA,"correct","correct"
"NJJhbNuYlNxl",6,"1: I confirm","1: I will take it seriously","narrow_right",5,"featherTooth_notKnow","Given the fact that it wasn't mentioned whether the tribesman had a golden molar tooth or not I believe that there is an equal chance that they could be either fishermen or hunter.",4,3,26,"1: male","I didn't encounter any errors.","correct","correct"
"OYvofkIxy56x",6,"1: I confirm","1: I will take it seriously","narrow_right",5,"featherTooth_notKnow","I didn't have enough information to decide between the two categories so went for the 50/50 option.",4,3,44,"2: female",NA,"correct","correct"
"PS0tFjaBl3n4",6,"1: I confirm","1: I will take it seriously","narrow_right",5,"featherTooth_notKnow","As they both wear headdresses, it was a 50% chance they would be either fisherman or hunter without seeing their teeth",4,3,38,"1: male","n/a","correct","correct"
"pX5NGBqLkIUj",6,"1: I confirm","1: I will take it seriously","narrow_right",5,"featherTooth_notKnow","Since I don't know if he has a gold tooth, I assume there's a 50/50 chance.",4,3,25,"2: female","None","correct","correct"
"QhhUJAN7DPHO",6,"1: I confirm","1: I will take it seriously","narrow_right",5,"featherTooth_notKnow","They both wear the same headdresses so its impossible to say ",4,3,35,"1: male",NA,"correct","correct"
"RYOj2GQ47DFw",6,"1: I confirm","1: I will take it seriously","narrow_right",5,"featherTooth_notKnow","It was 50/50 since the gold tooth was the only factor mentioned that separated the two.",4,3,42,"1: male","
None at all! Thank you so much for your surveys.","correct","correct"
"0HRR8HlfaNpE",7,"1: I confirm","1: I will take it seriously","narrow_left",5,"featherTooth_noInfo","While the hunter has a coloured headress it doesn't describe whether he has a golden tooth or if that is absent. So the chances are 50/50 without that information.",4,3,43,"1: male",NA,"correct","correct"
"2bammSs4UfNo",7,"1: I confirm","1: I will take it seriously","narrow_left",5,"featherTooth_noInfo","Both hunters and spear fishermen wear feathered head dress. So could be either.",4,3,60,"1: male","No errors","correct","correct"
"2bHpxVeBGS7w",7,"1: I confirm","1: I will take it seriously","narrow_left",5,"featherTooth_noInfo","As there is no mention of their teeth i cannot lean towards either answer. ",4,3,34,"1: male",NA,"correct","correct"
"2eCCbFABd3KC",7,"1: I confirm","1: I will take it seriously","narrow_left",5,"featherTooth_noInfo","The person could be either because both fishermen and hunters wear colourful feather headdresses",4,3,71,"2: female",NA,"correct","correct"
"2FAaiMgzUSSJ",7,"1: I confirm","1: I will take it seriously","narrow_left",5,"featherTooth_noInfo","All it says it that they have a colorful headress, there is nothing about a tooth mentioned, so they could equally be either one.",4,3,38,"2: female","None, I don't know why all the hunters had to be male though.","correct","correct"
"5OrTmugbD3o5",7,"1: I confirm","1: I will take it seriously","narrow_left",5,"featherTooth_noInfo","Both hunters and fisherman have the headdresses and they both form an equal split of half the tribe so it is equally likely that this tribesman is either of these groups.",4,3,24,"1: male",NA,"correct","correct"
"9U0BSlFP7oe4",7,"1: I confirm","1: I will take it seriously","narrow_left",5,"featherTooth_noInfo","it said both of them wore the feathers that implies that everyone wore them.",4,3,33,"2: female","na","correct","correct"
"AKwRwyEF2cpa",7,"1: I confirm","1: I will take it seriously","narrow_left",5,"featherTooth_noInfo","In the scenario we are not told anything about the subjects teeth, which is the main factor used in differentiating the two ",4,3,26,"1: male","Nothing, thanks!","correct","correct"
"aT8JnIm0LhY9",7,"1: I confirm","1: I will take it seriously","narrow_left",5,"featherTooth_noInfo","As the only description I was given was that the tribe person was wearing a colourful headdress it could easily be either a huntsman or spear fisherman as no mention of a gold tooth was made.",4,3,38,"1: male",NA,"correct","correct"
"Bo3f6Vxp0L2U",7,"1: I confirm","1: I will take it seriously","narrow_left",5,"featherTooth_noInfo","Because I haven't been told if there is a gold molar or not, so they would appear the same at first glance. ",4,3,39,"2: female","none","correct","correct"
"Es7toau07XSW",7,"1: I confirm","1: I will take it seriously","narrow_left",4,"featherTooth_noInfo","It was 50/50 because they both wear the colourful headwear but I knocked it down a bit towards hunter because I thought maybe the golden molar would have been mentioned if it was a fisherman.",4,3,32,"1: male",NA,"correct","correct"
"ft2l0MEWz2va",7,"1: I confirm","1: I will take it seriously","narrow_left",5,"featherTooth_noInfo","Both hunters and spear fisherman wear colourful feathered headdresses.",4,3,56,"1: male","No problems whatsoever.","correct","correct"
"Ip6q4F3yuxrQ",7,"1: I confirm","1: I will take it seriously","narrow_left",5,"featherTooth_noInfo","All member of the tribe wear a colourful headdress. Half of them are hunters. Thus, the probability required is 50%",4,3,62,"1: male","None","correct","correct"
"jssVCO4gHsN7",7,"1: I confirm","1: I will take it seriously","narrow_left",5,"featherTooth_noInfo","Both hunters and spear headman wear the same headband. ",4,3,30,"2: female","None","correct","correct"
"qWl0vHOP3DV5",7,"1: I confirm","1: I will take it seriously","narrow_left",5,"featherTooth_noInfo","As both categories wear colourful feathers, the person is equally likely to be a hunter or a fisherman.",4,3,49,"2: female",NA,"correct","correct"
"sfSAj7WrV2Kc",7,"1: I confirm","1: I will take it seriously","narrow_left",5,"featherTooth_noInfo","Both wear those headdresses. We cannot assume one has a golden molar tooth or not based on first seconds of interaction.",4,3,24,"1: male","N/A","correct","correct"
"sHe16naBZEuU",7,"1: I confirm","1: I will take it seriously","narrow_left",3,"featherTooth_noInfo","i cant be absolutely sure that he has the golden tooth only that he has a headdress - hence i think slightly more likely to be a hunter",4,3,63,"1: male",NA,"correct","correct"
"tprEFHthQpv6",7,"1: I confirm","1: I will take it seriously","narrow_left",3,"featherTooth_noInfo","Did not say whether or not they had a gold tooth. ",4,3,26,"1: male","No issues - ran smoothly.","correct","correct"
"UDnGJLZ8j8XX",7,"1: I confirm","1: I will take it seriously","narrow_left",5,"featherTooth_noInfo","both wear headdresses so it could be either groups. i will need to know more information ie whether there is a golden molar tooth or not, to categorise the grouping further.",4,3,48,"2: female",NA,"correct","correct"
"Ukq8MAqoKP2G",7,"1: I confirm","1: I will take it seriously","narrow_left",5,"featherTooth_noInfo","Both categories of tribesmen wear colourful feathered headresses so there is a 50/50 chance it could be either a hunter or fisherman.",4,3,52,"2: female",NA,"correct","correct"
"vBNNnslVlWtj",7,"1: I confirm","1: I will take it seriously","narrow_left",5,"featherTooth_noInfo","The description simply states we come across a tribe member with a headdress. I have not peered into his mouth to his tooth colour, so he could be either a fisherman or a hunter",4,3,23,"2: female",NA,"correct","correct"
"VIqdhQU4a0yN",7,"1: I confirm","1: I will take it seriously","narrow_left",5,"featherTooth_noInfo","They both wear this item so there is no way to tell.",4,3,26,"1: male",NA,"correct","correct"
"YjbXufZIbzdN",7,"1: I confirm","1: I will take it seriously","narrow_left",5,"featherTooth_noInfo","going by the information provided we cannot tell which group they belong to because both groups wear headresses. we can only tell the difference by the one gold tooth.",4,3,30,"1: male",NA,"correct","correct"
"Z95vXzVwsXEm",7,"1: I confirm","1: I will take it seriously","narrow_left",5,"featherTooth_noInfo","Based on the information provided there was an equal chance of it being the either group",4,3,42,"1: male",NA,"correct","correct"
"ZJrkEINuLAtu",7,"1: I confirm","1: I will take it seriously","narrow_left",5,"featherTooth_noInfo","The hunters and fishermen are both Tokolo tribesmen and both wear colorful feathered headdresses. The additional identifying detail for the fishermen, the golden molar tooth, is not mentioned, but cannot be ruled out either.",4,3,31,"1: male",NA,"correct","correct"
"0QCEuSMZsmMS",8,"1: I confirm","1: I will take it seriously","narrow_right",5,"featherTooth_noInfo","AS EVERYONE WEARS THE HEADDRESS UNLESS THEY OPEN THIER MOUTH YOU WOULD NOT BE 100% SURE THAT THEY WERE A SPEAR FISHERMAN ",4,3,51,"2: female",NA,"correct","correct"
"1fKpf7RQyVA6",8,"1: I confirm","1: I will take it seriously","narrow_right",5,"featherTooth_noInfo"," 
 it wasnt clear wether he had a gold tooth or not so he could be either.",4,3,50,"2: female",NA,"correct","correct"
"3rVDIi20dxJv",8,"1: I confirm","1: I will take it seriously","narrow_right",5,"featherTooth_noInfo","Given that we know the tribe ALL wear headdresses, it can only be a 50/50 guess at whether the person is a hunter or spear fisherman, given the known information. However, a change in info (we now learn the person has a golden molar) would then change that probability.",4,3,41,"1: male",NA,"correct","correct"
"72owZ2W91g8u",8,"1: I confirm","1: I will take it seriously","narrow_right",5,"featherTooth_noInfo","Because both tribal members wear more or less the same headwear they are indistinguishable unless one of them showed their teeth.",4,3,22,"1: male",NA,"correct","correct"
"bX4nZXg8L0ea",8,"1: I confirm","1: I will take it seriously","narrow_right",5,"featherTooth_noInfo","Because both sides of the tribe wear the headdress, so there is equal chance he could be in either side of the tribe",4,3,24,"2: female",NA,"correct","correct"
"cWjEKI8pnIBG",8,"1: I confirm","1: I will take it seriously","narrow_right",5,"featherTooth_noInfo","Both Hunters and spearmen wear the colorful headdress therefore unless you can see if they have a golden tooth there would be as much chance they are one of either so there is a 50/50 chance",4,3,44,"2: female","I did not notice any errors. ","correct","correct"
"dsPZnwCEfDdf",8,"1: I confirm","1: I will take it seriously","narrow_right",5,"featherTooth_noInfo","The sentence gave no indication if he had a golden molar, so the only evidence could apply to either group. ",4,3,21,"1: male",NA,"correct","correct"
"E1gLtDKI0ARZ",8,"1: I confirm","1: I will take it seriously","narrow_right",5,"featherTooth_noInfo","Since the information said that the tribe was half hunters and half fisherman and that both wore head dresses with the only difference being a golden tooth for the fishermen, it is equally likely that the person we ran into could be either. We don't know if we can't see their teeth.",4,3,36,"2: female",NA,"correct","correct"
"elxGFeSVJaLr",8,"1: I confirm","1: I will take it seriously","narrow_right",10,"featherTooth_noInfo","No addition was added to the head dress so I assumed that the person didn't belong to the spear fisherman",4,3,58,"1: male","No errors","correct","correct"
"goBOGJEHgJZU",8,"1: I confirm","1: I will take it seriously","narrow_right",5,"featherTooth_noInfo","The text detailed that either tribe wear feathered headdresses so it could have equally been a member of either without further information on the molar of the person ",4,3,30,"2: female",NA,"correct","correct"
"GTTsVF5QrYTZ",8,"1: I confirm","1: I will take it seriously","narrow_right",5,"featherTooth_noInfo","They both have head dresses but I wasn't told about their gold tooth so I couldn't be sure.",4,3,39,"1: male","None whatsoever. Very enjoyable. I hope the data is useful.","correct","correct"
"i1dG3g8kZqbr",8,"1: I confirm","1: I will take it seriously","narrow_right",5,"featherTooth_noInfo","both fisherman and hunter wore colorful headdress that why the person could belong to either tribe",4,3,33,"1: male",NA,"correct","correct"
"ltMwHUSjaSP9",8,"1: I confirm","1: I will take it seriously","narrow_right",5,"featherTooth_noInfo","Both hunters and fishermen wear feathered headdresses so it 50-50% chance ",4,3,61,"2: female",NA,"correct","correct"
"mp9x3AZM1Kld",8,"1: I confirm","1: I will take it seriously","narrow_right",5,"featherTooth_noInfo","Both are equalyy likely to be the other because they both wear the same colour of headdresses and you cant see the gold tooth on the spear fisher man.",4,3,24,"2: female","I did not experience any errors.","correct","correct"
"otbG3h1Vb6gi",8,"1: I confirm","1: I will take it seriously","narrow_right",5,"featherTooth_noInfo","Since both the hunters and the spear fishermen wear color feathered headdresses, he/she could be from one of the 2 categories, so it's a 50-50 chance. If i see a golden molar tooth as well than I would know that he's a spear fishermen but without knowing if he/she has a golden molar tooth or not, it's a 50-50 bet.",4,3,23,"1: male",NA,"correct","correct"
"PZLDpkmDX2GZ",8,"1: I confirm","1: I will take it seriously","narrow_right",5,"featherTooth_noInfo","both categories wear colourfu headresses, therefore they could belong to either",4,3,62,"1: male",NA,"correct","correct"
"s2RI1yzWN7rD",8,"1: I confirm","1: I will take it seriously","narrow_right",5,"featherTooth_noInfo","Since I only have one piece of information, the coloured headdress, which is shared between both parties, I do not have enough information to assume either way.",4,3,25,"1: male",NA,"correct","correct"
"TGFLqTzg09iO",8,"1: I confirm","1: I will take it seriously","narrow_right",5,"featherTooth_noInfo","As both hunters and spear fishermen wear feathered headdress, there is no way which one is which without supplementary information therefore is equally likely to be either",4,3,42,"1: male","The spelling of ""fishermen"" is wrong on two occasions in the second sentence where should say ""fishermen"" instead of ""fisherman""","correct","correct"
"uEufcniWx87X",8,"1: I confirm","1: I will take it seriously","narrow_right",8,"featherTooth_noInfo","Based on the information provided, it is stated that the members of the Tokolo tribe are divided into two groups: hunters and spear fishermen. Both groups wear colorful feathered headdresses, but only the spear fishermen have a distinguishing feature of a golden molar tooth. Given this context, if I come across a tribesman wearing a colorful feathered headdress, it is reasonable to assume that they may belong to the group of hunters since this is the default category without the additional characteristic of the golden molar tooth. ",4,3,35,"1: male",NA,"correct","correct"
"ujm5KlXsDmgn",8,"1: I confirm","1: I will take it seriously","narrow_right",5,"featherTooth_noInfo","There wasn't enough information for any better odds. I could interpret the fact that the text didn't mention his teeth and therefore assume that it's almost certainly a hunter but again, without other context or info assumption the other way could also be made. Given that it's a survey I guessed that this was exactly the premise that was going to be tested for and so stuck with the rational answer of 50/50",4,3,38,"1: male",NA,"correct","correct"
"uZQ2NzAHU6Yw",8,"1: I confirm","1: I will take it seriously","narrow_right",5,"featherTooth_noInfo","Because both members of the tribe wear headdresses you don't know if they are specifically fisherman until you see if they have a gold tooth. So you need to see them smile first before you make an assumption. ",4,3,28,"1: male","None","correct","correct"
"wCgbd9e4ISdh",8,"1: I confirm","1: I will take it seriously","narrow_right",5,"featherTooth_noInfo","We are told that both wear colourful headwear and without further information we can not distinguish which group they belong to.",4,3,29,"2: female",NA,"correct","correct"
"YJnTsWnLTtQb",8,"1: I confirm","1: I will take it seriously","narrow_right",5,"featherTooth_noInfo","Wearing of the headdress does not distinguish betwene the 2 because the distinguishing feature is not to be found in the headdress",4,3,54,"1: male","I didn't notice any... 

except the first sentence, in the Amazon hunters... I had to read this twice and I think a comma is needed after Amazon","correct","correct"
"ziMc0eZQUOnB",8,"1: I confirm","1: I will take it seriously","narrow_right",5,"featherTooth_noInfo","You said both group wore a headdress and there was no mention of a golden molar tooth.",4,3,30,"2: female","none","correct","correct"
"ZQIjz2dywC2v",8,"1: I confirm","1: I will take it seriously","narrow_right",0,"featherTooth_noInfo","If its just one of them that have it then its definitely a fisherman ",4,3,22,"1: male",NA,"correct","correct"
